URL,Version,Status,OIDs,Name,Title,Descriptino,Used
http://hl7.org/fhir/us/reportofilltraveler/CodeSystem/airport-code-system,0.1.0,draft,,AirportCodesCS,Airport Codes,"A code of USA Airport Codes.","ValueSet/AirportCodeVS"
http://hl7.org/fhir/us/reportofilltraveler/CodeSystem/infectious-disease-system,0.1.0,draft,,InfectiousDiseaseNameCS,Infectious Disease,"A list of Infectious Diseases reportable to CDC.","ValueSet/InfectiousDiseaseNameVS"
http://hl7.org/fhir/us/reportofilltraveler/CodeSystem/quarantine-station-system,0.1.0,draft,,QuantineStationsCS,Quarantine Stations,"A list of Quarantine Stations.","ValueSet/QstationsVS"
http://snomed.info/sct,null,active,"2.16.840.1.113883.6.96",SNOMED_CT,SNOMED CT (all versions),"SNOMED CT is the most comprehensive and precise clinical health terminology product in the world, owned and distributed around the world by The International Health Terminology Standards Development Organisation (IHTSDO).","ValueSet/manifestation-or-symptom,ValueSet/InfectiousDiseaseVS"
