<?xml version="1.0" encoding="UTF-8"?>

<CapabilityStatement xmlns="http://hl7.org/fhir">
  <id value="IllTravelerReportCapabilityStatement"/>
  <text>
    <status value="extensions"/><div xmlns="http://www.w3.org/1999/xhtml"><h2 id="title">Report of Ill Traveler API CapabilityStatement</h2><ul><li>Implementation Guide Version: 0.1.0</li><li>FHIR Version: 4.0.1</li><li>Supported Formats: <code>xml</code>, <code>json</code></li><li>Supported Patch Formats: </li><li>Published on: Fri Jan 12 00:00:00 EST 2024</li><li>Published by: HL7 Public Health Working Group</li></ul><blockquote class="impl-note"><p><strong>Note to Implementers: FHIR Capabilities</strong></p><p>Any FHIR capability may be 'allowed' by the system unless explicitly marked as &quot;SHALL NOT&quot;. A few items are marked as MAY in the Implementation Guide to highlight their potential relevance to the use case.</p></blockquote><h2 id="rest">FHIR RESTful Capabilities</h2><div class="panel panel-default"><div class="panel-heading"><h3 id="mode1" class="panel-title">Mode: <code>server</code></h3></div><div class="panel-body"><div><p>A ill Traveler API <strong>SHALL</strong>:</p>
<ol>
<li>Implement the RESTful behavior according to the FHIR specification.</li>
<li>Return the following response classes:
<ul>
<li>(Status 400): invalid parameter</li>
<li>(Status 401/4xx): unauthorized request</li>
<li>(Status 403): insufficient scope</li>
<li>(Status 404): unknown resource</li>
<li>(Status 410): deleted resource.</li>
</ul>
</li>
<li>Support json and xml source formats for all interactions.</li>
<li>Identify the   profiles supported as part of the FHIR <code>meta.profile</code> attribute for each instance.</li>
<li>Support the searchParameters on each profile individually and in combination.</li>
</ol>
</div><div class="lead"><em>Security</em></div><blockquote><div><ol>
<li>See the <a href="https://www.hl7.org/fhir/security.html#general">General Security Considerations</a> section for requirements and recommendations.</li>
<li>A server <strong>SHALL</strong> reject any unauthorized requests by returning an <code>HTTP 401</code> unauthorized response code.</li>
</ol>
</div></blockquote><div class="lead"><em>Summary of System-wide Interactions</em></div></div></div><h3 id="resourcesCap1">Capabilities by Resource/Profile</h3><h4 id="resourcesSummary1">Summary</h4><p>The summary table lists the resources that are part of this configuration, and for each resource it lists:</p><ul><li>The relevant profiles (if any)</li><li>The interactions supported by each resource (<b><span class="bg-info">R</span></b>ead, <b><span class="bg-info">S</span></b>earch, <b><span class="bg-info">U</span></b>pdate, and <b><span class="bg-info">C</span></b>reate, are always shown, while <b><span class="bg-info">VR</span></b>ead, <b><span class="bg-info">P</span></b>atch, <b><span class="bg-info">D</span></b>elete, <b><span class="bg-info">H</span></b>istory on <b><span class="bg-info">I</span></b>nstance, or <b><span class="bg-info">H</span></b>istory on <b><span class="bg-info">T</span></b>ype are only present if at least one of the resources has support for them.</li><li><span>The required, recommended, and some optional search parameters (if any). </span></li><li>The linked resources enabled for <code>_include</code></li><li>The other resources enabled for <code>_revinclude</code></li><li>The operations on the resource (if any)</li></ul><div class="table-responsive"><table class="table table-condensed table-hover"><thead><tr><th><b>Resource Type</b></th><th><b>Profile</b></th><th class="text-center"><b title="GET a resource (read interaction)">R</b></th><th class="text-center"><b title="GET all set of resources of the type (search interaction)">S</b></th><th class="text-center"><b title="PUT a new resource version (update interaction)">U</b></th><th class="text-center"><b title="POST a new resource (create interaction)">C</b></th><th><b title="Required and recommended search parameters">Searches</b></th><th><code><b>_include</b></code></th><th><code><b>_revinclude</b></code></th><th><b>Operations</b></th></tr></thead><tbody><tr><td><a href="#Composition1-1">Composition</a></td><td>Supported profiles:<br/>  <a href="http://hl7.org/fhir/us/reportofilltraveler/ImplementationGuide/hl7.fhir.us.illTraveler">http://hl7.org/fhir/us/reportofilltraveler/ImplementationGuide/hl7.fhir.us.illTraveler</a></td><td>y</td><td class="text-center">y</td><td class="text-center"></td><td class="text-center"></td><td></td><td/><td/><td/></tr></tbody></table></div><hr/><div class="panel panel-default"><div class="panel-heading"><h4 id="Composition1-1" class="panel-title"><span style="float: right;">Resource Conformance: SHALL</span>Composition</h4></div><div class="panel-body"><div class="container"><div class="row"><div class="col-lg-4"><span class="lead">Core FHIR Resource</span><br/><a href="http://hl7.org/fhir/R4/composition.html">Composition</a></div><div class="col-lg-4"><span class="lead">Reference Policy</span><br/></div><div class="col-lg-4"><span class="lead">Interaction summary</span><br/><ul><li><strong>SHALL</strong> support <code>read</code>, <code>search-type</code>.</li></ul></div></div><p/><div class="row"><div class="col-6"><span class="lead">Supported Profiles</span><p><a href="ImplementationGuide-hl7.fhir.us.illTraveler.html">http://hl7.org/fhir/us/reportofilltraveler/ImplementationGuide/hl7.fhir.us.illTraveler</a></p></div></div><p/></div></div></div></div>
  </text>
  <url value="http://hl7.org/fhir/us/reportofilltraveler/CapabilityStatement/IllTravelerReportCapabilityStatement"/>
  <version value="0.1.0"/>
  <name value="IllTravelerReportCapabilityStatement"/>
  <title value="Report of Ill Traveler API CapabilityStatement"/>
  <status value="draft"/>
  <date value="2024-01-12"/>
  <publisher value="HL7 Public Health Working Group"/>
  <contact>
    <name value="HL7 Public Health Working Group"/>
    <telecom>
      <system value="url"/>
      <value value="http://www.hl7.org/Special/committees/pher"/>
    </telecom>
    <telecom>
      <system value="email"/>
      <value value="pafm@lists.HL7.org"/>
    </telecom>
  </contact>
  <description value="Ill Traveler Report CapabilityStatement"/>
  <kind value="requirements"/>
  <fhirVersion value="4.0.1"/>
  <format value="xml"/>
  <format value="json"/>
  <rest>
    <mode value="server"/>
    <documentation value="A ill Traveler API **SHALL**:&#xA;&#xA;1.  Implement the RESTful behavior according to the FHIR specification.&#xA;1. Return the following response classes:&#xA;   - (Status 400): invalid parameter&#xA;   - (Status 401/4xx): unauthorized request&#xA;   - (Status 403): insufficient scope&#xA;   - (Status 404): unknown resource&#xA;   - (Status 410): deleted resource.&#xA;1. Support json and xml source formats for all interactions.&#xA;1. Identify the   profiles supported as part of the FHIR `meta.profile` attribute for each instance.&#xA;1. Support the searchParameters on each profile individually and in combination.&#xA;"/>
    <security>
      <description value="1. See the [General Security Considerations](https://www.hl7.org/fhir/security.html#general) section for requirements and recommendations.&#xA;1. A server **SHALL** reject any unauthorized requests by returning an `HTTP 401` unauthorized response code."/>
    </security>
    <resource>
      <extension url="http://hl7.org/fhir/StructureDefinition/capabilitystatement-expectation">
        <valueCode value="SHALL"/>
      </extension>
      <type value="Composition"/>
      <supportedProfile value="http://hl7.org/fhir/us/reportofilltraveler/ImplementationGuide/hl7.fhir.us.illTraveler">
        <extension url="http://hl7.org/fhir/StructureDefinition/capabilitystatement-expectation">
          <valueCode value="SHOULD"/>
        </extension>
      </supportedProfile>
      <interaction>
        <extension url="http://hl7.org/fhir/StructureDefinition/capabilitystatement-expectation">
          <valueCode value="SHALL"/>
        </extension>
        <code value="read"/>
      </interaction>
      <interaction>
        <extension url="http://hl7.org/fhir/StructureDefinition/capabilitystatement-expectation">
          <valueCode value="SHALL"/>
        </extension>
        <code value="search-type"/>
      </interaction>
    </resource>
  </rest>
</CapabilityStatement>