<?xml version="1.0" encoding="UTF-8"?>

<CodeSystem xmlns="http://hl7.org/fhir">
  <id value="port-health-station-system"/>
  <text>
    <status value="generated"/><div xmlns="http://www.w3.org/1999/xhtml"><p>This  code system <code>http://hl7.org/fhir/us/reportofilltraveler/CodeSystem/port-health-station-system</code> defines the following codes:</p><table class="codes"><tr><td style="white-space:nowrap"><b>Code</b></td><td><b>Display</b></td></tr><tr><td style="white-space:nowrap">Anchorage<a name="port-health-station-system-Anchorage"> </a></td><td>Anchorage</td></tr><tr><td style="white-space:nowrap">Atlanta<a name="port-health-station-system-Atlanta"> </a></td><td>Atlanta</td></tr><tr><td style="white-space:nowrap">Boston<a name="port-health-station-system-Boston"> </a></td><td>Boston</td></tr><tr><td style="white-space:nowrap">Chicago<a name="port-health-station-system-Chicago"> </a></td><td>Chicago</td></tr><tr><td style="white-space:nowrap">Dallas<a name="port-health-station-system-Dallas"> </a></td><td>Dallas</td></tr><tr><td style="white-space:nowrap">Detroit<a name="port-health-station-system-Detroit"> </a></td><td>Detroit</td></tr><tr><td style="white-space:nowrap">ElPaso<a name="port-health-station-system-ElPaso"> </a></td><td>El Paso</td></tr><tr><td style="white-space:nowrap">Honolulu<a name="port-health-station-system-Honolulu"> </a></td><td>Honolulu</td></tr><tr><td style="white-space:nowrap">Houston<a name="port-health-station-system-Houston"> </a></td><td>Houston</td></tr><tr><td style="white-space:nowrap">LosAngeles<a name="port-health-station-system-LosAngeles"> </a></td><td>Los Angeles</td></tr><tr><td style="white-space:nowrap">Miami<a name="port-health-station-system-Miami"> </a></td><td>Miami</td></tr><tr><td style="white-space:nowrap">Minneapolis<a name="port-health-station-system-Minneapolis"> </a></td><td>Minneapolis</td></tr><tr><td style="white-space:nowrap">NewYork<a name="port-health-station-system-NewYork"> </a></td><td>New York</td></tr><tr><td style="white-space:nowrap">Newark<a name="port-health-station-system-Newark"> </a></td><td>Newark</td></tr><tr><td style="white-space:nowrap">Philadelphia<a name="port-health-station-system-Philadelphia"> </a></td><td>Philadelphia</td></tr><tr><td style="white-space:nowrap">SanDiego<a name="port-health-station-system-SanDiego"> </a></td><td>San Diego</td></tr><tr><td style="white-space:nowrap">SanFrancisco<a name="port-health-station-system-SanFrancisco"> </a></td><td>San Francisco</td></tr><tr><td style="white-space:nowrap">SanJuan<a name="port-health-station-system-SanJuan"> </a></td><td>San Juan</td></tr><tr><td style="white-space:nowrap">Seattle<a name="port-health-station-system-Seattle"> </a></td><td>Seattle</td></tr><tr><td style="white-space:nowrap">WashingtonDC<a name="port-health-station-system-WashingtonDC"> </a></td><td>Washington, DC</td></tr></table></div>
  </text>
  <url value="http://hl7.org/fhir/us/reportofilltraveler/CodeSystem/port-health-station-system"/>
  <version value="0.1.0"/>
  <name value="PortHealthStationCS"/>
  <title value="Port Health Stations"/>
  <status value="draft"/>
  <date value="2024-01-17T11:35:10-05:00"/>
  <publisher value="HL7 Public Health Working Group"/>
  <contact>
    <name value="HL7 Public Health Working Group"/>
    <telecom>
      <system value="url"/>
      <value value="http://www.hl7.org/Special/committees/pher"/>
    </telecom>
    <telecom>
      <system value="email"/>
      <value value="pafm@lists.HL7.org"/>
    </telecom>
  </contact>
  <description value="A list of Port Health Stations."/>
  <content value="complete"/>
  <count value="20"/>
  <concept>
    <code value="Anchorage"/>
    <display value="Anchorage"/>
  </concept>
  <concept>
    <code value="Atlanta"/>
    <display value="Atlanta"/>
  </concept>
  <concept>
    <code value="Boston"/>
    <display value="Boston"/>
  </concept>
  <concept>
    <code value="Chicago"/>
    <display value="Chicago"/>
  </concept>
  <concept>
    <code value="Dallas"/>
    <display value="Dallas"/>
  </concept>
  <concept>
    <code value="Detroit"/>
    <display value="Detroit"/>
  </concept>
  <concept>
    <code value="ElPaso"/>
    <display value="El Paso"/>
  </concept>
  <concept>
    <code value="Honolulu"/>
    <display value="Honolulu"/>
  </concept>
  <concept>
    <code value="Houston"/>
    <display value="Houston"/>
  </concept>
  <concept>
    <code value="LosAngeles"/>
    <display value="Los Angeles"/>
  </concept>
  <concept>
    <code value="Miami"/>
    <display value="Miami"/>
  </concept>
  <concept>
    <code value="Minneapolis"/>
    <display value="Minneapolis"/>
  </concept>
  <concept>
    <code value="NewYork"/>
    <display value="New York"/>
  </concept>
  <concept>
    <code value="Newark"/>
    <display value="Newark"/>
  </concept>
  <concept>
    <code value="Philadelphia"/>
    <display value="Philadelphia"/>
  </concept>
  <concept>
    <code value="SanDiego"/>
    <display value="San Diego"/>
  </concept>
  <concept>
    <code value="SanFrancisco"/>
    <display value="San Francisco"/>
  </concept>
  <concept>
    <code value="SanJuan"/>
    <display value="San Juan"/>
  </concept>
  <concept>
    <code value="Seattle"/>
    <display value="Seattle"/>
  </concept>
  <concept>
    <code value="WashingtonDC"/>
    <display value="Washington, DC"/>
  </concept>
</CodeSystem>