<?xml version="1.0" encoding="UTF-8"?><CodeSystem xmlns="http://hl7.org/fhir"><id value="infectious-disease-system"/><text><status value="generated"/><div xmlns="http://www.w3.org/1999/xhtml"><p>This  code system <code>http://hl7.org/fhir/us/reportofilltraveler/CodeSystem/infectious-disease-system</code> defines the following codes:</p><table class="codes"><tr><td style="white-space:nowrap"><b>Code</b></td><td><b>Display</b></td></tr><tr><td style="white-space:nowrap">AN<a name="infectious-disease-system-AN"> </a></td><td>Anthrax</td></tr><tr><td style="white-space:nowrap">WN<a name="infectious-disease-system-WN"> </a></td><td>West Nile</td></tr><tr><td style="white-space:nowrap">BO<a name="infectious-disease-system-BO"> </a></td><td>Botulism</td></tr><tr><td style="white-space:nowrap">CH<a name="infectious-disease-system-CH"> </a></td><td>Cholera</td></tr><tr><td style="white-space:nowrap">CO<a name="infectious-disease-system-CO"> </a></td><td>Coronavirus</td></tr><tr><td style="white-space:nowrap">DE<a name="infectious-disease-system-DE"> </a></td><td>Denque</td></tr><tr><td style="white-space:nowrap">EB<a name="infectious-disease-system-EB"> </a></td><td>Ebola</td></tr><tr><td style="white-space:nowrap">GO<a name="infectious-disease-system-GO"> </a></td><td>Gonorrhea</td></tr><tr><td style="white-space:nowrap">ME<a name="infectious-disease-system-ME"> </a></td><td>Measles</td></tr><tr><td style="white-space:nowrap">MA<a name="infectious-disease-system-MA"> </a></td><td>Malaria</td></tr><tr><td style="white-space:nowrap">MB<a name="infectious-disease-system-MB"> </a></td><td>Marburg</td></tr><tr><td style="white-space:nowrap">MN<a name="infectious-disease-system-MN"> </a></td><td>Meningococcal disease</td></tr><tr><td style="white-space:nowrap">MP<a name="infectious-disease-system-MP"> </a></td><td>Mpox</td></tr><tr><td style="white-space:nowrap">RA<a name="infectious-disease-system-RA"> </a></td><td>Rabies</td></tr><tr><td style="white-space:nowrap">RU<a name="infectious-disease-system-RU"> </a></td><td>Rubella</td></tr><tr><td style="white-space:nowrap">SP<a name="infectious-disease-system-SP"> </a></td><td>Smallpox</td></tr><tr><td style="white-space:nowrap">SY<a name="infectious-disease-system-SY"> </a></td><td>Syphillis</td></tr><tr><td style="white-space:nowrap">TB<a name="infectious-disease-system-TB"> </a></td><td>Tuberculosis</td></tr><tr><td style="white-space:nowrap">YE<a name="infectious-disease-system-YE"> </a></td><td>Yellow Fever</td></tr><tr><td style="white-space:nowrap">ZI<a name="infectious-disease-system-ZI"> </a></td><td>Zika</td></tr></table></div></text><url value="http://hl7.org/fhir/us/reportofilltraveler/CodeSystem/infectious-disease-system"/><version value="0.1.0"/><name value="InfectiousDiseaseNameCS"/><title value="Infectious Disease"/><status value="draft"/><date value="2024-01-12T16:11:38-05:00"/><publisher value="HL7 Public Health Working Group"/><contact><name value="HL7 Public Health Working Group"/><telecom><system value="url"/><value value="http://www.hl7.org/Special/committees/pher"/></telecom><telecom><system value="email"/><value value="pafm@lists.HL7.org"/></telecom></contact><description value="A list of Infectious Diseases reportable to CDC."/><content value="complete"/><count value="20"/><concept><code value="AN"/><display value="Anthrax"/></concept><concept><code value="WN"/><display value="West Nile"/></concept><concept><code value="BO"/><display value="Botulism"/></concept><concept><code value="CH"/><display value="Cholera"/></concept><concept><code value="CO"/><display value="Coronavirus"/></concept><concept><code value="DE"/><display value="Denque"/></concept><concept><code value="EB"/><display value="Ebola"/></concept><concept><code value="GO"/><display value="Gonorrhea"/></concept><concept><code value="ME"/><display value="Measles"/></concept><concept><code value="MA"/><display value="Malaria"/></concept><concept><code value="MB"/><display value="Marburg"/></concept><concept><code value="MN"/><display value="Meningococcal disease"/></concept><concept><code value="MP"/><display value="Mpox"/></concept><concept><code value="RA"/><display value="Rabies"/></concept><concept><code value="RU"/><display value="Rubella"/></concept><concept><code value="SP"/><display value="Smallpox"/></concept><concept><code value="SY"/><display value="Syphillis"/></concept><concept><code value="TB"/><display value="Tuberculosis"/></concept><concept><code value="YE"/><display value="Yellow Fever"/></concept><concept><code value="ZI"/><display value="Zika"/></concept></CodeSystem>