<?xml version="1.0" encoding="UTF-8"?><SearchParameter xmlns="http://hl7.org/fhir"><id value="report-disease-name"/><text><status value="generated"/><div xmlns="http://www.w3.org/1999/xhtml"><h2>reportDiseaseName</h2><p>Parameter <code>disease-name</code>:<code>string</code></p><div><p>Search Reports of Ill Travelers by Disease</p>
</div><table class="grid"><tr><td>Resource</td><td><a href="http://hl7.org/fhir/R4/composition.html">Composition</a></td></tr><tr><td>Expression</td><td><code>ReportOfIllTraveler.diseaseName</code></td></tr><tr><td>Multiples</td><td><ul><li>multipleAnd: The parameter may repeat in order to specify multiple values that must all be true</li><li>multipleOr: The parameter may have multiple values (separated by comma) where at least one must be true</li></ul></td></tr></table></div></text><url value="http://hl7.org/fhir/us/reportofilltraveler/SearchParameter-report-disease-name"/><version value="0.1.0"/><name value="reportDiseaseName"/><status value="active"/><date value="2024-02-16T13:20:25-05:00"/><publisher value="HL7 Public Health Working Group"/><contact><name value="HL7 Public Health Working Group"/><telecom><system value="url"/><value value="http://www.hl7.org/Special/committees/pher"/></telecom><telecom><system value="email"/><value value="pafm@lists.HL7.org"/></telecom></contact><description value="Search Reports of Ill Travelers by Disease"/><code value="disease-name"/><base value="Composition"/><type value="string"/><expression value="ReportOfIllTraveler.diseaseName"/><multipleOr value="true"/><multipleAnd value="true"/></SearchParameter>