<?xml version="1.0" encoding="UTF-8"?><ValueSet xmlns="http://hl7.org/fhir"><id value="PortHealthStationVS"/><text><status value="generated"/><div xmlns="http://www.w3.org/1999/xhtml"><ul><li>Include all codes defined in <a href="CodeSystem-port-health-station-system.html"><code>http://hl7.org/fhir/us/reportofilltraveler/CodeSystem/port-health-station-system</code></a></li></ul></div></text><url value="http://hl7.org/fhir/us/reportofilltraveler/ValueSet/PortHealthStationVS"/><version value="0.1.0"/><name value="PortHealthStationVS"/><title value="Port Health Stations VS"/><status value="draft"/><date value="2024-01-17T11:35:10-05:00"/><publisher value="HL7 Public Health Working Group"/><contact><name value="HL7 Public Health Working Group"/><telecom><system value="url"/><value value="http://www.hl7.org/Special/committees/pher"/></telecom><telecom><system value="email"/><value value="pafm@lists.HL7.org"/></telecom></contact><description value="A list of all US Quarantine Stations."/><compose><include><system value="http://hl7.org/fhir/us/reportofilltraveler/CodeSystem/port-health-station-system"/></include></compose></ValueSet>