<?xml version="1.0" encoding="UTF-8"?><ValueSet xmlns="http://hl7.org/fhir"><id value="TuberculosisVS"/><text><status value="generated"/><div xmlns="http://www.w3.org/1999/xhtml"><ul><li>Include all codes defined in <code>https://vsac.nlm.nih.gov/valueset/2.16.840.1.113762.1.4.1222.43/expansion</code></li></ul></div></text><url value="http://hl7.org/fhir/us/reportofilltraveler/ValueSet/TuberculosisVS"/><version value="0.1.0"/><name value="TuberculosisVS"/><title value="Tuberculosis VS"/><status value="draft"/><date value="2024-01-12T16:11:38-05:00"/><publisher value="HL7 Public Health Working Group"/><contact><name value="HL7 Public Health Working Group"/><telecom><system value="url"/><value value="http://www.hl7.org/Special/committees/pher"/></telecom><telecom><system value="email"/><value value="pafm@lists.HL7.org"/></telecom></contact><description value="A list of all Valid Tuberculosis Codes."/><compose><include><system value="https://vsac.nlm.nih.gov/valueset/2.16.840.1.113762.1.4.1222.43/expansion"/></include></compose></ValueSet>