[
  {
    "id" : "IllTravelerReportCapabilityStatement",
    "type" : "CapabilityStatement",
    "url" : "http://hl7.org/fhir/us/reportofilltraveler/CapabilityStatement/IllTravelerReportCapabilityStatement",
    "version" : "0.1.0",
    "name" : "IllTravelerReportCapabilityStatement"
  },
  {
    "id" : "airport-code-system",
    "type" : "CodeSystem",
    "url" : "http://hl7.org/fhir/us/reportofilltraveler/CodeSystem/airport-code-system",
    "version" : "0.1.0",
    "name" : "AirportCodesCS"
  },
  {
    "id" : "infectious-disease-system",
    "type" : "CodeSystem",
    "url" : "http://hl7.org/fhir/us/reportofilltraveler/CodeSystem/infectious-disease-system",
    "version" : "0.1.0",
    "name" : "InfectiousDiseaseNameCS"
  },
  {
    "id" : "port-health-station-system",
    "type" : "CodeSystem",
    "url" : "http://hl7.org/fhir/us/reportofilltraveler/CodeSystem/port-health-station-system",
    "version" : "0.1.0",
    "name" : "PortHealthStationCS"
  },
  {
    "id" : "hl7.fhir.us.illTraveler",
    "type" : "ImplementationGuide",
    "url" : "http://hl7.org/fhir/us/reportofilltraveler/ImplementationGuide/hl7.fhir.us.illTraveler",
    "version" : "0.1.0",
    "name" : "CDCDGMHReportofIllTraveler"
  },
  {
    "id" : "FlightItinerary",
    "type" : "StructureDefinition",
    "url" : "http://hl7.org/fhir/us/reportofilltraveler/StructureDefinition/FlightItinerary",
    "version" : "0.1.0",
    "name" : "FlightItinerary"
  },
  {
    "id" : "IllTravelerBundle",
    "type" : "StructureDefinition",
    "url" : "http://hl7.org/fhir/us/reportofilltraveler/StructureDefinition/IllTravelerBundle",
    "version" : "0.1.0",
    "name" : "IllTravelerBundle"
  },
  {
    "id" : "InfectiousDisease",
    "type" : "StructureDefinition",
    "url" : "http://hl7.org/fhir/us/reportofilltraveler/StructureDefinition/InfectiousDisease",
    "version" : "0.1.0",
    "name" : "InfectiousDisease"
  },
  {
    "id" : "ReportOfIllTraveler",
    "type" : "StructureDefinition",
    "url" : "http://hl7.org/fhir/us/reportofilltraveler/StructureDefinition/ReportOfIllTraveler",
    "version" : "0.1.0",
    "name" : "ReportOfIllTraveler"
  },
  {
    "id" : "ReportOfIllTravelerSimple",
    "type" : "StructureDefinition",
    "url" : "http://hl7.org/fhir/us/reportofilltraveler/StructureDefinition/ReportOfIllTravelerSimple",
    "version" : "0.1.0",
    "name" : "ReportOfIllTravelerSimple"
  },
  {
    "id" : "Traveler",
    "type" : "StructureDefinition",
    "url" : "http://hl7.org/fhir/us/reportofilltraveler/StructureDefinition/Traveler",
    "version" : "0.1.0",
    "name" : "Traveler"
  },
  {
    "id" : "chest-xray",
    "type" : "StructureDefinition",
    "url" : "http://hl7.org/fhir/us/reportofilltraveler/StructureDefinition/chest-xray",
    "version" : "0.1.0",
    "name" : "ChestXrayResults"
  },
  {
    "id" : "disease-name",
    "type" : "StructureDefinition",
    "url" : "http://hl7.org/fhir/us/reportofilltraveler/StructureDefinition/disease-name",
    "version" : "0.1.0",
    "name" : "InfectiousDiseaseName"
  },
  {
    "id" : "flight-details",
    "type" : "StructureDefinition",
    "url" : "http://hl7.org/fhir/us/reportofilltraveler/StructureDefinition/flight-details",
    "version" : "0.1.0",
    "name" : "FlightDetail"
  },
  {
    "id" : "lab-results",
    "type" : "StructureDefinition",
    "url" : "http://hl7.org/fhir/us/reportofilltraveler/StructureDefinition/lab-results",
    "version" : "0.1.0",
    "name" : "LabResults"
  },
  {
    "id" : "port-health-station",
    "type" : "StructureDefinition",
    "url" : "http://hl7.org/fhir/us/reportofilltraveler/StructureDefinition/port-health-station",
    "version" : "0.1.0",
    "name" : "PortHealthStation"
  },
  {
    "id" : "rash-onset",
    "type" : "StructureDefinition",
    "url" : "http://hl7.org/fhir/us/reportofilltraveler/StructureDefinition/rash-onset",
    "version" : "0.1.0",
    "name" : "RashOnsetDate"
  },
  {
    "id" : "symptom",
    "type" : "StructureDefinition",
    "url" : "http://hl7.org/fhir/us/reportofilltraveler/StructureDefinition/symptom",
    "version" : "0.1.0",
    "name" : "Symptom"
  },
  {
    "id" : "transfer-date",
    "type" : "StructureDefinition",
    "url" : "http://hl7.org/fhir/us/reportofilltraveler/StructureDefinition/transfer-date",
    "version" : "0.1.0",
    "name" : "DateTransferedToStation"
  },
  {
    "id" : "AirportCodeVS",
    "type" : "ValueSet",
    "url" : "http://hl7.org/fhir/us/reportofilltraveler/ValueSet/AirportCodeVS",
    "version" : "0.1.0",
    "name" : "AirportCodeVS"
  },
  {
    "id" : "InfectiousDiseaseNameVS",
    "type" : "ValueSet",
    "url" : "http://hl7.org/fhir/us/reportofilltraveler/ValueSet/InfectiousDiseaseNameVS",
    "version" : "0.1.0",
    "name" : "InfectiousDiseaseNameVS"
  },
  {
    "id" : "InfectiousDiseaseVS",
    "type" : "ValueSet",
    "url" : "http://hl7.org/fhir/us/reportofilltraveler/ValueSet/InfectiousDiseaseVS",
    "version" : "0.1.0",
    "name" : "InfectiousDiseaseVS"
  },
  {
    "id" : "PortHealthStationVS",
    "type" : "ValueSet",
    "url" : "http://hl7.org/fhir/us/reportofilltraveler/ValueSet/PortHealthStationVS",
    "version" : "0.1.0",
    "name" : "PortHealthStationVS"
  },
  {
    "id" : "TuberculosisVS",
    "type" : "ValueSet",
    "url" : "http://hl7.org/fhir/us/reportofilltraveler/ValueSet/TuberculosisVS",
    "version" : "0.1.0",
    "name" : "TuberculosisVS"
  }
]
