{
  "codeSystems" : [
    {
      "url" : "http://hl7.org/fhir/us/reportofilltraveler/CodeSystem/airport-code-system",
      "version" : "0.1.0",
      "status" : "draft",
      "name" : "AirportCodesCS",
      "title" : "Airport Codes",
      "description" : "A code of USA Airport Codes.",
      "uses" : {
      },
      "ValueSet-AirportCodeVS.html" : "Airport Codes VS"
    },
    {
      "url" : "http://hl7.org/fhir/us/reportofilltraveler/CodeSystem/infectious-disease-system",
      "version" : "0.1.0",
      "status" : "draft",
      "name" : "InfectiousDiseaseNameCS",
      "title" : "Infectious Disease",
      "description" : "A list of Infectious Diseases reportable to CDC.",
      "uses" : {
      },
      "ValueSet-InfectiousDiseaseNameVS.html" : "Infectious Disease VS"
    },
    {
      "url" : "http://hl7.org/fhir/us/reportofilltraveler/CodeSystem/port-health-station-system",
      "version" : "0.1.0",
      "status" : "draft",
      "name" : "PortHealthStationCS",
      "title" : "Port Health Stations",
      "description" : "A list of Port Health Stations.",
      "uses" : {
      },
      "ValueSet-PortHealthStationVS.html" : "Port Health Stations VS"
    },
    {
      "url" : "http://snomed.info/sct",
      "version" : null,
      "status" : "active",
      "name" : "SNOMED_CT",
      "title" : "SNOMED CT (all versions)",
      "description" : "SNOMED CT is the most comprehensive and precise clinical health terminology product in the world, owned and distributed around the world by The International Health Terminology Standards Development Organisation (IHTSDO).",
      "oids" : ["2.16.840.1.113883.6.96"],
      "uses" : {
      },
      "http://hl7.org/fhir/R4/valueset-manifestation-or-symptom.html" : "Manifestation and Symptom Codes",
      "ValueSet-InfectiousDiseaseVS.html" : "Infectious Disease VS"
    }
  ]
}
