{
  "resourceType" : "Composition",
  "id" : "ReportOfIllTravelerSimpleExample",
  "meta" : {
    "profile" : ["http://hl7.org/fhir/us/reportofilltraveler/StructureDefinition/ReportOfIllTravelerSimple"]
  },
  "text" : {
    "status" : "extensions",
    "div" : "<div xmlns=\"http://www.w3.org/1999/xhtml\"><p><b>Generated Narrative: Composition</b><a name=\"ReportOfIllTravelerSimpleExample\"> </a></p><div style=\"display: inline-block; background-color: #d9e0e7; padding: 6px; margin: 4px; border: 1px solid #8da1b4; border-radius: 5px; line-height: 60%\"><p style=\"margin-bottom: 0px\">Resource Composition &quot;ReportOfIllTravelerSimpleExample&quot; </p><p style=\"margin-bottom: 0px\">Profile: <a href=\"StructureDefinition-ReportOfIllTravelerSimple.html\">ReportOfIllTravelerSimple</a></p></div><blockquote><p><b>Flight Details</b></p><blockquote><p><b>url</b></p><code>departureAirport</code></blockquote><p><b>value</b>: Washington DC <span style=\"background: LightGoldenRodYellow; margin: 4px; border: 1px solid khaki\"> ([not stated]#DCA)</span></p><blockquote><p><b>url</b></p><code>arrivalAirport</code></blockquote><p><b>value</b>: Los Angeles <span style=\"background: LightGoldenRodYellow; margin: 4px; border: 1px solid khaki\"> ([not stated]#LAX)</span></p><blockquote><p><b>url</b></p><code>flightNumber</code></blockquote><p><b>value</b>: DL364</p><blockquote><p><b>url</b></p><code>seatNumber</code></blockquote><p><b>value</b>: 17B</p><blockquote><p><b>url</b></p><code>flightDuration</code></blockquote><p><b>value</b>: 5</p><blockquote><p><b>url</b></p><code>airline</code></blockquote><p><b>value</b>: United</p></blockquote><p><b>Name of Disease</b>: Tuberculosis <span style=\"background: LightGoldenRodYellow; margin: 4px; border: 1px solid khaki\"> ([not stated]#TB)</span></p><p><b>status</b>: final</p><p><b>type</b>: Public health Case report <span style=\"background: LightGoldenRodYellow; margin: 4px; border: 1px solid khaki\"> ([not stated]#55751-2)</span></p><p><b>date</b>: 2023-12-03 19:43:30+0000</p><p><b>author</b>: <a href=\"Organization-StateExample.html\">Organization/StateExample</a> &quot;Virginia Health Department&quot;</p><p><b>title</b>: Report of Ill Traveler</p></div>"
  },
  "extension" : [{
    "extension" : [{
      "url" : "departureAirport",
      "valueCodeableConcept" : {
        "coding" : [{
          "code" : "DCA",
          "display" : "Washington DC"
        }]
      }
    },
    {
      "url" : "arrivalAirport",
      "valueCodeableConcept" : {
        "coding" : [{
          "code" : "LAX",
          "display" : "Los Angeles"
        }]
      }
    },
    {
      "url" : "flightNumber",
      "valueString" : "DL364"
    },
    {
      "url" : "seatNumber",
      "valueString" : "17B"
    },
    {
      "url" : "flightDuration",
      "valueInteger" : 5
    },
    {
      "url" : "airline",
      "valueString" : "United"
    }],
    "url" : "http://hl7.org/fhir/us/reportofilltraveler/StructureDefinition/flight-details"
  },
  {
    "url" : "http://hl7.org/fhir/us/reportofilltraveler/StructureDefinition/disease-name",
    "valueCodeableConcept" : {
      "coding" : [{
        "code" : "TB",
        "display" : "Tuberculosis"
      }]
    }
  }],
  "status" : "final",
  "type" : {
    "coding" : [{
      "code" : "55751-2",
      "display" : "Public health Case report"
    }]
  },
  "subject" : {
    "reference" : "Patient/travelerExample"
  },
  "date" : "2023-12-03T19:43:30.000Z",
  "author" : [{
    "reference" : "Organization/StateExample"
  }],
  "title" : "Report of Ill Traveler"
}