{
  "resourceType" : "SearchParameter",
  "id" : "report-disease-name",
  "text" : {
    "status" : "generated",
    "div" : "<div xmlns=\"http://www.w3.org/1999/xhtml\"><h2>reportDiseaseName</h2><p>Parameter <code>disease-name</code>:<code>string</code></p><div><p>Search Reports of Ill Travelers by Disease</p>\n</div><table class=\"grid\"><tr><td>Resource</td><td><a href=\"http://hl7.org/fhir/R4/composition.html\">Composition</a></td></tr><tr><td>Expression</td><td><code>ReportOfIllTraveler.diseaseName</code></td></tr><tr><td>Multiples</td><td><ul><li>multipleAnd: The parameter may repeat in order to specify multiple values that must all be true</li><li>multipleOr: The parameter may have multiple values (separated by comma) where at least one must be true</li></ul></td></tr></table></div>"
  },
  "url" : "http://hl7.org/fhir/us/reportofilltraveler/SearchParameter-report-disease-name",
  "version" : "0.1.0",
  "name" : "reportDiseaseName",
  "status" : "active",
  "date" : "2024-01-17T11:35:10-05:00",
  "publisher" : "HL7 Public Health Working Group",
  "contact" : [{
    "name" : "HL7 Public Health Working Group",
    "telecom" : [{
      "system" : "url",
      "value" : "http://www.hl7.org/Special/committees/pher"
    },
    {
      "system" : "email",
      "value" : "pafm@lists.HL7.org"
    }]
  }],
  "description" : "Search Reports of Ill Travelers by Disease",
  "code" : "disease-name",
  "base" : ["Composition"],
  "type" : "string",
  "expression" : "ReportOfIllTraveler.diseaseName",
  "multipleOr" : true,
  "multipleAnd" : true
}