<?xml version="1.0" encoding="UTF-8"?>

<ValueSet xmlns="http://hl7.org/fhir">
  <id value="AirportCodeVS"/>
  <text>
    <status value="generated"/><div xmlns="http://www.w3.org/1999/xhtml"><ul><li>Include all codes defined in <a href="CodeSystem-airport-code-system.html"><code>http://hl7.org/fhir/us/reportofilltraveler/CodeSystem/airport-code-system</code></a></li></ul></div>
  </text>
  <url value="http://hl7.org/fhir/us/reportofilltraveler/ValueSet/AirportCodeVS"/>
  <version value="0.1.0"/>
  <name value="AirportCodeVS"/>
  <title value="Airport Codes VS"/>
  <status value="draft"/>
  <date value="2024-01-15T21:15:59-05:00"/>
  <publisher value="HL7 Public Health Working Group"/>
  <contact>
    <name value="HL7 Public Health Working Group"/>
    <telecom>
      <system value="url"/>
      <value value="http://www.hl7.org/Special/committees/pher"/>
    </telecom>
    <telecom>
      <system value="email"/>
      <value value="pafm@lists.HL7.org"/>
    </telecom>
  </contact>
  <description value="A list of USA Airport Codes."/>
  <compose>
    <include>
      <system value="http://hl7.org/fhir/us/reportofilltraveler/CodeSystem/airport-code-system"/>
    </include>
  </compose>
</ValueSet>