{"resourceType":"CodeSystem","id":"port-health-station-system","text":{"status":"generated","div":"<div xmlns=\"http://www.w3.org/1999/xhtml\"><p>This  code system <code>http://hl7.org/fhir/us/reportofilltraveler/CodeSystem/port-health-station-system</code> defines the following codes:</p><table class=\"codes\"><tr><td style=\"white-space:nowrap\"><b>Code</b></td><td><b>Display</b></td></tr><tr><td style=\"white-space:nowrap\">Anchorage<a name=\"port-health-station-system-Anchorage\"> </a></td><td>Anchorage</td></tr><tr><td style=\"white-space:nowrap\">Atlanta<a name=\"port-health-station-system-Atlanta\"> </a></td><td>Atlanta</td></tr><tr><td style=\"white-space:nowrap\">Boston<a name=\"port-health-station-system-Boston\"> </a></td><td>Boston</td></tr><tr><td style=\"white-space:nowrap\">Chicago<a name=\"port-health-station-system-Chicago\"> </a></td><td>Chicago</td></tr><tr><td style=\"white-space:nowrap\">Dallas<a name=\"port-health-station-system-Dallas\"> </a></td><td>Dallas</td></tr><tr><td style=\"white-space:nowrap\">Detroit<a name=\"port-health-station-system-Detroit\"> </a></td><td>Detroit</td></tr><tr><td style=\"white-space:nowrap\">ElPaso<a name=\"port-health-station-system-ElPaso\"> </a></td><td>El Paso</td></tr><tr><td style=\"white-space:nowrap\">Honolulu<a name=\"port-health-station-system-Honolulu\"> </a></td><td>Honolulu</td></tr><tr><td style=\"white-space:nowrap\">Houston<a name=\"port-health-station-system-Houston\"> </a></td><td>Houston</td></tr><tr><td style=\"white-space:nowrap\">LosAngeles<a name=\"port-health-station-system-LosAngeles\"> </a></td><td>Los Angeles</td></tr><tr><td style=\"white-space:nowrap\">Miami<a name=\"port-health-station-system-Miami\"> </a></td><td>Miami</td></tr><tr><td style=\"white-space:nowrap\">Minneapolis<a name=\"port-health-station-system-Minneapolis\"> </a></td><td>Minneapolis</td></tr><tr><td style=\"white-space:nowrap\">NewYork<a name=\"port-health-station-system-NewYork\"> </a></td><td>New York</td></tr><tr><td style=\"white-space:nowrap\">Newark<a name=\"port-health-station-system-Newark\"> </a></td><td>Newark</td></tr><tr><td style=\"white-space:nowrap\">Philadelphia<a name=\"port-health-station-system-Philadelphia\"> </a></td><td>Philadelphia</td></tr><tr><td style=\"white-space:nowrap\">SanDiego<a name=\"port-health-station-system-SanDiego\"> </a></td><td>San Diego</td></tr><tr><td style=\"white-space:nowrap\">SanFrancisco<a name=\"port-health-station-system-SanFrancisco\"> </a></td><td>San Francisco</td></tr><tr><td style=\"white-space:nowrap\">SanJuan<a name=\"port-health-station-system-SanJuan\"> </a></td><td>San Juan</td></tr><tr><td style=\"white-space:nowrap\">Seattle<a name=\"port-health-station-system-Seattle\"> </a></td><td>Seattle</td></tr><tr><td style=\"white-space:nowrap\">WashingtonDC<a name=\"port-health-station-system-WashingtonDC\"> </a></td><td>Washington, DC</td></tr></table></div>"},"url":"http://hl7.org/fhir/us/reportofilltraveler/CodeSystem/port-health-station-system","version":"0.1.0","name":"PortHealthStationCS","title":"Port Health Stations","status":"draft","date":"2024-01-14T20:25:13-05:00","publisher":"HL7 Public Health Working Group","contact":[{"name":"HL7 Public Health Working Group","telecom":[{"system":"url","value":"http://www.hl7.org/Special/committees/pher"},{"system":"email","value":"pafm@lists.HL7.org"}]}],"description":"A list of Port Health Stations.","content":"complete","count":20,"concept":[{"code":"Anchorage","display":"Anchorage"},{"code":"Atlanta","display":"Atlanta"},{"code":"Boston","display":"Boston"},{"code":"Chicago","display":"Chicago"},{"code":"Dallas","display":"Dallas"},{"code":"Detroit","display":"Detroit"},{"code":"ElPaso","display":"El Paso"},{"code":"Honolulu","display":"Honolulu"},{"code":"Houston","display":"Houston"},{"code":"LosAngeles","display":"Los Angeles"},{"code":"Miami","display":"Miami"},{"code":"Minneapolis","display":"Minneapolis"},{"code":"NewYork","display":"New York"},{"code":"Newark","display":"Newark"},{"code":"Philadelphia","display":"Philadelphia"},{"code":"SanDiego","display":"San Diego"},{"code":"SanFrancisco","display":"San Francisco"},{"code":"SanJuan","display":"San Juan"},{"code":"Seattle","display":"Seattle"},{"code":"WashingtonDC","display":"Washington, DC"}]}