{"resourceType":"ValueSet","id":"AirportCodeVS","text":{"status":"generated","div":"<div xmlns=\"http://www.w3.org/1999/xhtml\"><ul><li>Include all codes defined in <a href=\"CodeSystem-airport-code-system.html\"><code>http://hl7.org/fhir/us/reportofilltraveler/CodeSystem/airport-code-system</code></a></li></ul></div>"},"url":"http://hl7.org/fhir/us/reportofilltraveler/ValueSet/AirportCodeVS","version":"0.1.0","name":"AirportCodeVS","title":"Airport Codes VS","status":"draft","date":"2024-01-12T16:11:38-05:00","publisher":"HL7 Public Health Working Group","contact":[{"name":"HL7 Public Health Working Group","telecom":[{"system":"url","value":"http://www.hl7.org/Special/committees/pher"},{"system":"email","value":"pafm@lists.HL7.org"}]}],"description":"A list of USA Airport Codes.","compose":{"include":[{"system":"http://hl7.org/fhir/us/reportofilltraveler/CodeSystem/airport-code-system"}]}}