{"resourceType":"ValueSet","id":"InfectiousDiseaseVS","text":{"status":"generated","div":"<div xmlns=\"http://www.w3.org/1999/xhtml\"><ul><li>Include these codes as defined in <a href=\"http://www.snomed.org/\"><code>http://snomed.info/sct</code></a><table class=\"none\"><tr><td style=\"white-space:nowrap\"><b>Code</b></td><td><b>Display</b></td></tr><tr><td><a href=\"http://snomed.info/id/56717001\">56717001</a></td><td>Tuberculosis</td></tr></table></li></ul></div>"},"url":"http://hl7.org/fhir/us/reportofilltraveler/ValueSet/InfectiousDiseaseVS","version":"0.1.0","name":"InfectiousDiseaseVS","title":"Infectious Disease VS","status":"draft","experimental":false,"date":"2024-01-12T16:11:38-05:00","publisher":"HL7 Public Health Working Group","contact":[{"name":"HL7 Public Health Working Group","telecom":[{"system":"url","value":"http://www.hl7.org/Special/committees/pher"},{"system":"email","value":"pafm@lists.HL7.org"}]}],"description":"Codes indicating the Infectious Disease.","compose":{"include":[{"system":"http://snomed.info/sct","concept":[{"code":"56717001","display":"Tuberculosis"}]}]}}