{"resourceType":"ValueSet","id":"PortHealthStationVS","text":{"status":"generated","div":"<div xmlns=\"http://www.w3.org/1999/xhtml\"><ul><li>Include all codes defined in <a href=\"CodeSystem-port-health-station-system.html\"><code>http://hl7.org/fhir/us/reportofilltraveler/CodeSystem/port-health-station-system</code></a></li></ul></div>"},"url":"http://hl7.org/fhir/us/reportofilltraveler/ValueSet/PortHealthStationVS","version":"0.1.0","name":"PortHealthStationVS","title":"Port Health Stations VS","status":"draft","date":"2024-01-15T21:38:02-05:00","publisher":"HL7 Public Health Working Group","contact":[{"name":"HL7 Public Health Working Group","telecom":[{"system":"url","value":"http://www.hl7.org/Special/committees/pher"},{"system":"email","value":"pafm@lists.HL7.org"}]}],"description":"A list of all US Quarantine Stations.","compose":{"include":[{"system":"http://hl7.org/fhir/us/reportofilltraveler/CodeSystem/port-health-station-system"}]}}